upazila,year,month,date,rainfall_mm,NDVI_monthly,EVI_monthly,MODIS_source_status,MODIS_valid_composites,MODIS_total_composites,MODIS_total_valid_pixels,MODIS_empirical_max_pixels_per_composite,MODIS_coverage_proxy
Mahadebpur,2001,1,2001-01,3.7699512567542626,0.32949972618879914,0.18826229408219805,observed,2,2,4859,6556,0.3705765710799268
Mahadebpur,2001,2,2001-02,7.697083511235847,0.31917271777738576,0.1671335315869827,observed,2,2,13112,6556,1.0
Mahadebpur,2001,3,2001-03,18.63582751019924,0.5832193177762477,0.3567231636191126,observed,2,2,13112,6556,1.0
Mahadebpur,2001,4,2001-04,15.755528670063946,0.560789958422637,0.3489902539238562,observed,2,2,13112,6556,1.0
Mahadebpur,2001,5,2001-05,194.2977090207929,0.4041467032867281,0.23872234766941802,observed,2,2,13020,6556,0.9929835265405735
Mahadebpur,2001,6,2001-06,377.5530213714321,0.518853794869086,0.3431119356191515,observed,2,2,268,6556,0.02043929225137279
Mahadebpur,2001,7,2001-07,195.251773361904,0.6179448979591836,0.217995918367347,observed,2,2,49,6556,0.0037370347773032337
Mahadebpur,2001,8,2001-08,205.8634229165637,0.568444873850024,0.346755732367511,observed,2,2,27,6556,0.002059182428309945
Mahadebpur,2001,9,2001-09,347.9856085896661,0.6466235039753969,0.36408559154386133,observed,2,2,9843,6556,0.7506863941427699
Mahadebpur,2001,10,2001-10,319.6724661342146,0.6679921522861215,0.3631370001507714,observed,1,1,6441,6556,0.9824588163514338
Mahadebpur,2001,11,2001-11,13.0237865021856,0.48221810811916266,0.29748350154674535,observed,2,2,12952,6556,0.987797437461867
Mahadebpur,2001,12,2001-12,17.57817477608158,0.362243518983856,0.20406282276315338,observed,2,2,13017,6556,0.9927547284929835
Mahadebpur,2002,1,2002-01,7.141526564360511,0.3570032863804241,0.1928469806135335,observed,2,2,6920,6556,0.5277608297742525
Mahadebpur,2002,2,2002-02,5.568308680960594,0.3687693393268457,0.1984144473554302,observed,2,2,13098,6556,0.9989322757779133
Mahadebpur,2002,3,2002-03,6.639305101364863,0.5945205739090991,0.36719063192284807,observed,2,2,13112,6556,1.0
Mahadebpur,2002,4,2002-04,148.32011339590167,0.5458298467725013,0.34262709788782914,observed,2,2,13053,6556,0.9955003050640635
Mahadebpur,2002,5,2002-05,102.85112227029235,0.4557654121416802,0.263984620127211,observed,2,2,10010,6556,0.7634228187919463
Mahadebpur,2002,6,2002-06,348.9338551475375,0.4186933003093994,0.2673239943197545,observed,2,2,2647,6556,0.20187614399023796
Mahadebpur,2002,7,2002-07,427.97949086586414,0.4739749975808901,0.29673892835475596,observed,2,2,362,6556,0.02760829774252593
Mahadebpur,2002,8,2002-08,310.84432733984244,0.6694613603435716,0.45920641292441583,observed,2,2,5901,6556,0.450045759609518
Mahadebpur,2002,9,2002-09,302.23907123897806,0.695067109996739,0.42981925335490506,observed,2,2,10720,6556,0.8175716900549115
Mahadebpur,2002,10,2002-10,66.11203542444592,0.6310978176293881,0.33728056953138763,observed,1,1,6497,6556,0.9910006101281269
Mahadebpur,2002,11,2002-11,27.94638553430557,0.4885479299422444,0.2755258542535256,observed,2,2,13063,6556,0.9962629652226968
Mahadebpur,2002,12,2002-12,2.0315735885298296,0.3735235598383914,0.21055848137896382,observed,2,2,10900,6556,0.8312995729103112
Mahadebpur,2003,1,2003-01,14.851994851155593,0.37075789640637413,0.2093942694778236,observed,2,2,6668,6556,0.5085417937766931
Mahadebpur,2003,2,2003-02,20.479987326737437,0.3260787642452374,0.16868183469745235,observed,2,2,13112,6556,1.0
Mahadebpur,2003,3,2003-03,80.84580266452356,0.523529781665153,0.32280555868238486,observed,2,2,13112,6556,1.0
Mahadebpur,2003,4,2003-04,84.78226476036455,0.6373129325239898,0.4045592333326461,observed,2,2,12908,6556,0.9844417327638804
Mahadebpur,2003,5,2003-05,100.91828644219946,0.4065864480074481,0.2635525550610606,observed,2,2,12136,6556,0.9255643685173887
Mahadebpur,2003,6,2003-06,312.0056551692845,0.46601957291187446,0.25683813269591843,observed,1,2,2686,6556,0.20485051860890788
Mahadebpur,2003,7,2003-07,332.98932058102025,0.46705149740615826,0.2633628653024188,observed,2,2,1654,6556,0.12614399023794998
Mahadebpur,2003,8,2003-08,148.60414450067302,0.6505191322889884,0.4329019142670711,observed,2,2,1080,6556,0.08236729713239781
Mahadebpur,2003,9,2003-09,184.07974822603947,0.7441137319266682,0.4975111801690439,observed,2,2,8573,6556,0.6538285539963392
Mahadebpur,2003,10,2003-10,289.6849260138554,0.7206766483715588,0.44579281936848253,observed,1,1,6432,6556,0.9810860280658938
Mahadebpur,2003,11,2003-11,5.466409603275475,0.5078172990096053,0.2858946666186846,observed,2,2,13021,6556,0.9930597925564368
Mahadebpur,2003,12,2003-12,7.111199869705684,0.377001439583504,0.2031008886717573,observed,2,2,12549,6556,0.9570622330689444
Mahadebpur,2004,1,2004-01,10.09602396644404,0.3638480277814029,0.19189774137513768,observed,2,2,7994,6556,0.6096705308114704
Mahadebpur,2004,2,2004-02,4.539377409845285,0.3487054365149295,0.1808320886339415,observed,2,2,13112,6556,1.0
Mahadebpur,2004,3,2004-03,26.035517058441314,0.5768982694417756,0.34389123445349673,observed,2,2,13112,6556,1.0
Mahadebpur,2004,4,2004-04,93.12818213998429,0.5564678111179953,0.35482724943827504,observed,2,2,13112,6556,1.0
Mahadebpur,2004,5,2004-05,148.3198402592633,0.3579382988851528,0.22174425948842252,observed,2,2,10117,6556,0.7715832824893227
Mahadebpur,2004,6,2004-06,416.1353490851082,0.3816766221554527,0.2107399504966309,observed,2,2,7595,6556,0.5792403904820013
Mahadebpur,2004,7,2004-07,516.4220069217953,0.07585141249845886,0.027843674488996068,observed,2,2,25,6556,0.0019066503965832825
Mahadebpur,2004,8,2004-08,241.23832597948683,0.5913601007160104,0.39029873560958717,observed,1,2,5490,6556,0.41870042708968885
Mahadebpur,2004,9,2004-09,309.19415530293935,0.7176196117779768,0.4233172699878131,observed,2,2,12725,6556,0.9704850518608907
Mahadebpur,2004,10,2004-10,246.82010278863882,0.6364585825410273,0.34976810235435346,observed,2,2,12843,6556,0.9794844417327638
Mahadebpur,2004,11,2004-11,5.326159531218939,0.38707052261489866,0.21225256912640802,observed,1,1,6534,6556,0.9966442953020134
Mahadebpur,2004,12,2004-12,1.4751386891818337,0.3577123076850917,0.20203729646458307,observed,2,2,13027,6556,0.9935173886516169
Mahadebpur,2005,1,2005-01,20.294071403125745,0.35877959209488175,0.20431226772141362,observed,2,2,6636,6556,0.5061012812690665
Mahadebpur,2005,2,2005-02,8.146982994482778,0.42310715864018955,0.22281218885673704,observed,2,2,13112,6556,1.0
Mahadebpur,2005,3,2005-03,61.05867856894818,0.7014881786879066,0.45809065952738726,observed,2,2,13112,6556,1.0
Mahadebpur,2005,4,2005-04,55.7940654879589,0.554038391722935,0.3444938776354598,observed,2,2,13112,6556,1.0
Mahadebpur,2005,5,2005-05,137.66218231320383,0.37638589566628833,0.24499978500028557,observed,2,2,12944,6556,0.9871873093349604
Mahadebpur,2005,6,2005-06,257.09186545786037,0.39940258094406805,0.2775990973781751,observed,2,2,6600,6556,0.5033557046979866
Mahadebpur,2005,7,2005-07,423.8072187931614,0.37730242235004124,0.27600496302382904,observed,1,2,126,6556,0.009609517998779744
Mahadebpur,2005,8,2005-08,348.1140300783153,0.6051675879959306,0.3619724349321814,observed,2,2,11913,6556,0.9085570469798657
Mahadebpur,2005,9,2005-09,209.27691512112074,0.6739408310559722,0.4033762335712492,observed,2,2,12483,6556,0.9520286760219646
Mahadebpur,2005,10,2005-10,385.8901481605624,0.6563589483989984,0.3487501854655579,observed,1,1,6399,6556,0.976052471018914
Mahadebpur,2005,11,2005-11,5.518710580442059,0.5480522041400191,0.3053218103834938,observed,2,2,12512,6556,0.9542403904820013
Mahadebpur,2005,12,2005-12,1.3762277648839631,0.36926450025928353,0.2031457469266084,observed,2,2,13023,6556,0.9932123245881636
Mahadebpur,2006,1,2006-01,3.336511760047524,0.34747636279104116,0.19507369149856596,observed,2,2,6163,6556,0.4700274557657108
Mahadebpur,2006,2,2006-02,4.626628500371697,0.38203869998414447,0.1903037027035388,observed,2,2,13112,6556,1.0
Mahadebpur,2006,3,2006-03,14.792318790473532,0.6706363523349849,0.4233447610438672,observed,2,2,13112,6556,1.0
Mahadebpur,2006,4,2006-04,66.2759002921095,0.49980767142429605,0.30807422871363327,observed,2,2,13069,6556,0.9967205613178768
Mahadebpur,2006,5,2006-05,236.9198343406656,0.4172018156458984,0.2408954573794128,observed,1,2,6556,6556,0.5
Mahadebpur,2006,6,2006-06,242.36786367670342,0.4609306746711104,0.2895132480073359,observed,2,2,6413,6556,0.4890939597315436
Mahadebpur,2006,7,2006-07,182.395222546899,0.5456970465151154,0.3298020244626129,observed,2,2,2527,6556,0.1927242220866382
Mahadebpur,2006,8,2006-08,140.8485831766392,0.6178291472209109,0.41226299515065007,observed,2,2,8066,6556,0.6151616839536302
Mahadebpur,2006,9,2006-09,287.44303251163825,0.740554960423525,0.49434734350620585,observed,2,2,12480,6556,0.9517998779743746
Mahadebpur,2006,10,2006-10,55.032616187560336,0.6991816486873453,0.4295698128398488,observed,1,1,6466,6556,0.9862721171446004
Mahadebpur,2006,11,2006-11,31.670229431217216,0.5216226060274864,0.309728582372795,observed,2,2,12819,6556,0.9776540573520439
Mahadebpur,2006,12,2006-12,2.1421049641186736,0.3758696509437617,0.22199077650267346,observed,2,2,12941,6556,0.9869585112873703
Mahadebpur,2007,1,2007-01,3.37082909537511,0.3197540068096009,0.17576153423497523,observed,2,2,6595,6556,0.5029743746186699
Mahadebpur,2007,2,2007-02,34.87476662916564,0.41451492713219057,0.21447756738362334,observed,2,2,12838,6556,0.9791031116534472
Mahadebpur,2007,3,2007-03,17.64096634039925,0.6652657039820643,0.41270244559157926,observed,2,2,13112,6556,1.0
Mahadebpur,2007,4,2007-04,21.452284238882175,0.581852346227875,0.38012613331791945,observed,2,2,13112,6556,1.0
Mahadebpur,2007,5,2007-05,101.05183521303204,0.41342140462502197,0.25841837468204415,observed,2,2,12947,6556,0.9874161073825504
Mahadebpur,2007,6,2007-06,416.602357245167,0.401990798515556,0.19385592578258548,observed,2,2,6286,6556,0.47940817571690053
Mahadebpur,2007,7,2007-07,487.5985570967706,0.43499379360606377,0.2601901272956949,observed,1,2,836,6556,0.06375838926174497
Mahadebpur,2007,8,2007-08,166.08102770635156,0.6435857716266673,0.36240288653224395,observed,2,2,1308,6556,0.09975594874923734
Mahadebpur,2007,9,2007-09,326.181128273098,0.6956161167136486,0.4425393986173571,observed,2,2,12881,6556,0.9823825503355704
Mahadebpur,2007,10,2007-10,149.10717286451515,0.6948442427615782,0.3894130879197952,observed,1,1,6531,6556,0.9961866992068334
Mahadebpur,2007,11,2007-11,14.392217749566973,0.5417880053045109,0.30805455330130926,observed,2,2,13079,6556,0.99748322147651
Mahadebpur,2007,12,2007-12,4.042853581436804,0.3634254540548427,0.2040127147208806,observed,2,2,11639,6556,0.887660158633313
Mahadebpur,2008,1,2008-01,59.26696008958568,0.33867629386882697,0.18638443116222264,observed,2,2,6288,6556,0.4795607077486272
Mahadebpur,2008,2,2008-02,5.059578338172155,0.3064050446491433,0.1558941018908408,observed,2,2,13092,6556,0.9984746796827334
Mahadebpur,2008,3,2008-03,7.639118781993457,0.6961175671305101,0.4562066914475829,observed,2,2,13112,6556,1.0
Mahadebpur,2008,4,2008-04,27.170834764905766,0.5894368405942125,0.38781186303474324,observed,2,2,13112,6556,1.0
Mahadebpur,2008,5,2008-05,152.73743046309392,0.3947791059206397,0.2433712718905467,observed,2,2,11375,6556,0.8675259304453935
Mahadebpur,2008,6,2008-06,369.12718316583397,0.3503308727337416,0.18948366420418336,observed,2,2,249,6556,0.018990237949969492
Mahadebpur,2008,7,2008-07,402.9658995487197,0.536837265659655,0.32095496929937206,observed,1,2,186,6556,0.014185478950579622
Mahadebpur,2008,8,2008-08,292.14308493708086,0.6947120411600158,0.46139237914432557,observed,2,2,4955,6556,0.3778981086028066
Mahadebpur,2008,9,2008-09,171.79556886427125,0.7043180207918229,0.46481425203943116,observed,2,2,11589,6556,0.8838468578401464
Mahadebpur,2008,10,2008-10,115.211197124734,0.6109643680922091,0.34931492189791014,observed,2,2,13007,6556,0.9919920683343502
Mahadebpur,2008,11,2008-11,17.000620290440466,0.4051090645739366,0.2342364103527871,observed,1,1,6538,6556,0.9972544234289201
Mahadebpur,2008,12,2008-12,1.4775511081058732,0.37500205936051856,0.21256978574577795,observed,2,2,12926,6556,0.9858145210494204
Mahadebpur,2009,1,2009-01,3.2480383563026916,0.3743710092505922,0.21360902033500115,observed,2,2,5997,6556,0.4573672971323978
Mahadebpur,2009,2,2009-02,5.385082242763721,0.30810694981167586,0.15404602750847382,observed,2,2,13068,6556,0.9966442953020134
Mahadebpur,2009,3,2009-03,20.427946763048773,0.6023319158371089,0.3782471991184239,observed,2,2,13112,6556,1.0
Mahadebpur,2009,4,2009-04,18.787018344049,0.5604129880618257,0.3766972819952082,observed,2,2,13112,6556,1.0
Mahadebpur,2009,5,2009-05,175.91822821168654,0.4005722774424932,0.23725237694697304,observed,2,2,11030,6556,0.8412141549725443
Mahadebpur,2009,6,2009-06,174.86844460768341,0.42800933441530276,0.284465292379831,observed,1,2,3599,6556,0.2744813910921293
Mahadebpur,2009,7,2009-07,240.8891494171688,0.5261783855082659,0.3954726521280338,observed,1,2,53,6556,0.004042098840756559
Mahadebpur,2009,8,2009-08,388.56370265463596,0.6184977328169897,0.3643403843157011,observed,1,2,2884,6556,0.21995118974984748
Mahadebpur,2009,9,2009-09,152.94877887461075,0.7353511905669441,0.4590745665238553,observed,2,2,10256,6556,0.7821842586943258
Mahadebpur,2009,10,2009-10,159.41683532625186,0.6896852167104944,0.4102950242568802,observed,1,1,6508,6556,0.9926784624771202
Mahadebpur,2009,11,2009-11,5.1191276292419525,0.5355931707682715,0.3225781296793191,observed,2,2,13014,6556,0.9925259304453935
Mahadebpur,2009,12,2009-12,1.3486490495270782,0.3597749253702695,0.2062251705100652,observed,2,2,11645,6556,0.888117754728493
Mahadebpur,2010,1,2010-01,3.285926217832221,0.3363025044821658,0.20001691605601096,observed,2,2,7308,6556,0.5573520439292251
Mahadebpur,2010,2,2010-02,8.873377043194806,0.31039688874107496,0.16136016961946834,observed,2,2,13112,6556,1.0
Mahadebpur,2010,3,2010-03,12.622180188487604,0.5896043503995061,0.37596624782937954,observed,2,2,13112,6556,1.0
Mahadebpur,2010,4,2010-04,43.31816323277972,0.5871185892386873,0.3826177196170919,observed,2,2,12701,6556,0.9686546674801708
Mahadebpur,2010,5,2010-05,129.86357756512027,0.34874096239568103,0.222359063516949,observed,2,2,8487,6556,0.6472696766320928
Mahadebpur,2010,6,2010-06,382.7422560808004,0.4436597214173789,0.2744372399628294,observed,2,2,2473,6556,0.1886058572300183
Mahadebpur,2010,7,2010-07,183.81138921202756,0.5253730986359013,0.3404055869185234,observed,1,2,928,6556,0.07077486272117145
Mahadebpur,2010,8,2010-08,209.7849377974573,0.6878793004538057,0.42227032280160987,observed,1,2,199,6556,0.015176937156802928
Mahadebpur,2010,9,2010-09,171.2517504873889,0.744916987946287,0.471908893852157,observed,2,2,9738,6556,0.7426784624771202
Mahadebpur,2010,10,2010-10,101.87499495528576,0.7187055971775572,0.41376433485349723,observed,1,1,6509,6556,0.9928309945088468
Mahadebpur,2010,11,2010-11,7.3802474188470635,0.5643557741467619,0.3333070783882423,observed,2,2,12553,6556,0.9573672971323978
Mahadebpur,2010,12,2010-12,4.1622178542841946,0.38665711872295827,0.21888456624285127,observed,2,2,12413,6556,0.9466900549115315
Mahadebpur,2011,1,2011-01,3.9762125009470353,0.3624586374193038,0.2018613958344667,observed,2,2,5452,6556,0.41580231848688226
Mahadebpur,2011,2,2011-02,8.177321166736695,0.36482103838566937,0.18719439246079497,observed,2,2,13096,6556,0.9987797437461867
Mahadebpur,2011,3,2011-03,2.483221520105689,0.61395145050165,0.39362265947306213,observed,2,2,13112,6556,1.0
Mahadebpur,2011,4,2011-04,94.13035325153018,0.6348089318243839,0.43625156482804517,observed,2,2,13087,6556,0.9980933496034167
Mahadebpur,2011,5,2011-05,154.3558767867663,0.40695908257191143,0.24755784873618353,observed,2,2,12619,6556,0.9624008541793777
Mahadebpur,2011,6,2011-06,348.36488931334395,0.4815682598587361,0.2820725422487695,observed,2,2,1611,6556,0.12286455155582672
Mahadebpur,2011,7,2011-07,164.76048160587936,0.5613395699408591,0.35262008228336345,observed,1,2,246,6556,0.0187614399023795
Mahadebpur,2011,8,2011-08,438.9858988767982,0.6689200817455611,0.41160883630030404,observed,2,2,4592,6556,0.3502135448444173
Mahadebpur,2011,9,2011-09,313.57091516823687,0.7112574291504935,0.4249901666014887,observed,2,2,9960,6556,0.7596095179987797
Mahadebpur,2011,10,2011-10,19.270383121714882,0.7127365803598494,0.42883498136883874,observed,1,1,6474,6556,0.9874923733984137
Mahadebpur,2011,11,2011-11,6.901550093965431,0.48320029344092,0.2792473629439043,observed,2,2,13066,6556,0.9964917632702868
Mahadebpur,2011,12,2011-12,1.3383187607558646,0.38953969282829626,0.2209905556762651,observed,2,2,12663,6556,0.9657565588773642
Mahadebpur,2012,1,2012-01,5.818106651535686,0.38028619990110785,0.21674782994255343,observed,2,2,4177,6556,0.31856314826113485
Mahadebpur,2012,2,2012-02,5.403483082981329,0.34073481183836696,0.16783114848036076,observed,2,2,12795,6556,0.975823672971324
Mahadebpur,2012,3,2012-03,12.54051833422723,0.6563053202221271,0.41615271828904904,observed,2,2,13112,6556,1.0
Mahadebpur,2012,4,2012-04,95.7474819063043,0.6169138803137931,0.41552452170556875,observed,2,2,13112,6556,1.0
Mahadebpur,2012,5,2012-05,103.14491384387358,0.39088253932549744,0.24593587456734536,observed,2,2,13024,6556,0.9932885906040269
Mahadebpur,2012,6,2012-06,282.556778539274,0.448846535133696,0.2583408109290952,observed,2,2,7909,6556,0.6031879194630873
Mahadebpur,2012,7,2012-07,358.1336982841871,0.5574658796556711,0.37426610180352726,observed,1,2,554,6556,0.04225137278828554
Mahadebpur,2012,8,2012-08,167.35109000368095,0.7414675564672293,0.5097382708862032,observed,2,2,7581,6556,0.5781726662599146
Mahadebpur,2012,9,2012-09,273.7071528721126,0.7800343883281201,0.5708532179906785,observed,2,2,9930,6556,0.7573215375228798
Mahadebpur,2012,10,2012-10,77.616887794777,0.7079728130580549,0.43837629045961063,observed,2,2,12983,6556,0.9901616839536302
Mahadebpur,2012,11,2012-11,50.27969128322991,0.4737746094896946,0.28627859342247336,observed,1,1,6482,6556,0.988712629652227
Mahadebpur,2012,12,2012-12,1.638123880212246,0.39261448837260543,0.23351656832539402,observed,2,2,12430,6556,0.947986577181208
Mahadebpur,2013,1,2013-01,4.672855561809144,0.3802153014601228,0.20375501529961665,observed,2,2,6991,6556,0.5331757169005491
Mahadebpur,2013,2,2013-02,20.36640023675249,0.3453577552014342,0.17847949848174974,observed,2,2,13112,6556,1.0
Mahadebpur,2013,3,2013-03,1.123557857709222,0.6266539907193156,0.3820455458150061,observed,2,2,13112,6556,1.0
Mahadebpur,2013,4,2013-04,54.89388259853589,0.6484825507730873,0.4107626002085814,observed,2,2,13112,6556,1.0
Mahadebpur,2013,5,2013-05,144.60039582922002,0.4471953835508162,0.2862819260836417,observed,2,2,10211,6556,0.7787522879804759
Mahadebpur,2013,6,2013-06,210.49699527150182,0.4595091220058368,0.2758743614617913,observed,1,2,1895,6556,0.14452410006101282
Mahadebpur,2013,7,2013-07,130.60207977284793,0.47173419341942086,0.2686277015939176,observed,2,2,233,6556,0.017769981696156192
Mahadebpur,2013,8,2013-08,268.8573589397896,0.7265631885123034,0.4604246285303845,observed,2,2,3794,6556,0.28935326418547896
Mahadebpur,2013,9,2013-09,163.53225456648448,0.7769928823490787,0.4844555900726566,observed,2,2,9983,6556,0.7613636363636364
Mahadebpur,2013,10,2013-10,221.35306767768972,0.7560469247467008,0.5424832851752984,observed,1,1,6314,6556,0.9630872483221476
Mahadebpur,2013,11,2013-11,5.4664035768118895,0.5376921298583384,0.33774809062604433,observed,2,2,12975,6556,0.9895515558267236
Mahadebpur,2013,12,2013-12,1.2805391550998046,0.3970632034658242,0.2249243057954279,observed,2,2,11224,6556,0.8560097620500305
Mahadebpur,2014,1,2014-01,3.9183269108131156,0.4295961128593735,0.2533325597389208,observed,2,2,7697,6556,0.587019524100061
Mahadebpur,2014,2,2014-02,15.208948595812366,0.3460772826567737,0.16735595960627114,observed,2,2,13074,6556,0.9971018913971934
Mahadebpur,2014,3,2014-03,17.686485962938555,0.6823636387898717,0.4387309828415988,observed,2,2,13112,6556,1.0
Mahadebpur,2014,4,2014-04,13.85739228606182,0.628671018803303,0.419084798395273,observed,2,2,13112,6556,1.0
Mahadebpur,2014,5,2014-05,126.75634688290089,0.4037033000562772,0.25319313043786235,observed,2,2,12503,6556,0.9535539963392312
Mahadebpur,2014,6,2014-06,427.5393211746689,0.41553560198588235,0.23544394241019467,observed,2,2,5841,6556,0.44546979865771813
Mahadebpur,2014,7,2014-07,214.11512068797109,0.4656081726712456,0.27716004336268574,observed,2,2,2313,6556,0.1764032946918853
Mahadebpur,2014,8,2014-08,256.85557347517414,0.7519884627554198,0.5032040034658958,observed,1,2,2580,6556,0.19676632092739477
Mahadebpur,2014,9,2014-09,286.69422225457,0.762808982197868,0.531924440797225,observed,2,2,9474,6556,0.7225442342892008
Mahadebpur,2014,10,2014-10,65.41359683366404,0.7235685891397802,0.49551617725401403,observed,1,1,6532,6556,0.99633923123856
Mahadebpur,2014,11,2014-11,5.270425760990838,0.4772690978328656,0.28327355574619145,observed,2,2,12998,6556,0.9913056741915802
Mahadebpur,2014,12,2014-12,1.297428897530812,0.38728310991371484,0.22791813881697667,observed,2,2,13037,6556,0.9942800488102501
Mahadebpur,2015,1,2015-01,10.070563069829143,0.3905193162480148,0.2245936077532732,observed,2,2,6867,6556,0.5237187309334961
Mahadebpur,2015,2,2015-02,23.53273052990743,0.4671993028926616,0.2500211804653498,observed,2,2,13038,6556,0.9943563148261135
Mahadebpur,2015,3,2015-03,36.541210238792395,0.7167523680525143,0.45722513326928,observed,2,2,13112,6556,1.0
Mahadebpur,2015,4,2015-04,128.0260220502659,0.6419785636620988,0.4442219299518917,observed,2,2,12899,6556,0.9837553386211104
Mahadebpur,2015,5,2015-05,167.05790058438564,0.45225993837477074,0.2869801365937057,observed,2,2,13106,6556,0.99954240390482
Mahadebpur,2015,6,2015-06,280.3994695058288,0.45723643197381264,0.2582582757083441,observed,2,2,200,6556,0.01525320317266626
Mahadebpur,2015,7,2015-07,346.4080017457266,0.46211829100984936,0.2637896678712165,observed,2,2,3626,6556,0.2765405735204393
Mahadebpur,2015,8,2015-08,351.22954254607987,0.6997210773291499,0.43967899136086414,observed,2,2,7024,6556,0.5356924954240391
Mahadebpur,2015,9,2015-09,229.35797627951547,0.7645997461322792,0.5281614012703751,observed,2,2,13096,6556,0.9987797437461867
Mahadebpur,2015,10,2015-10,20.39078776862568,0.7335615197997915,0.4706285685290469,observed,1,1,6476,6556,0.987797437461867
Mahadebpur,2015,11,2015-11,6.8549058450507285,0.5407064105508541,0.3317267850322236,observed,2,2,13077,6556,0.9973306894447834
Mahadebpur,2015,12,2015-12,1.720276198321928,0.3848516386791227,0.22659738318439138,observed,2,2,7152,6556,0.5454545454545454
Mahadebpur,2016,1,2016-01,11.331080386541768,0.3915279102459315,0.2207513574708606,observed,2,2,4389,6556,0.3347315436241611
Mahadebpur,2016,2,2016-02,7.423319810753815,0.4662665865296859,0.24910446968600564,observed,2,2,12800,6556,0.9762050030506406
Mahadebpur,2016,3,2016-03,53.3125053182561,0.7212012451731544,0.47595838113592925,observed,2,2,13112,6556,1.0
Mahadebpur,2016,4,2016-04,18.98092458197958,0.5800206853695307,0.3859823941473322,observed,2,2,13112,6556,1.0
Mahadebpur,2016,5,2016-05,149.71347219954131,0.44199393146803057,0.2659900010867277,observed,2,2,10129,6556,0.7724984746796827
Mahadebpur,2016,6,2016-06,172.3061021811733,0.6430657351511659,0.4412526619917154,observed,2,2,43,6556,0.003279438682123246
Mahadebpur,2016,7,2016-07,352.24527652378475,0.5504786550370715,0.3330778558453956,observed,2,2,79,6556,0.006025015253203173
Mahadebpur,2016,8,2016-08,158.5202001094819,0.6756607293669916,0.4072641090675434,observed,2,2,2646,6556,0.20179987797437463
Mahadebpur,2016,9,2016-09,351.6803873988793,0.8177630746138338,0.5608925717117713,observed,2,2,6759,6556,0.5154820012202562
Mahadebpur,2016,10,2016-10,153.15159392323108,0.7454978783638913,0.4845267810603922,observed,2,2,13069,6556,0.9967205613178768
Mahadebpur,2016,11,2016-11,7.878077494801568,0.4617137075171215,0.2794935014912262,observed,1,1,6542,6556,0.9978645515558268
Mahadebpur,2016,12,2016-12,1.939761084956104,0.38299912275996356,0.22732243457482004,observed,2,2,12603,6556,0.9611805979255643
Mahadebpur,2017,1,2017-01,4.543011222260006,0.36416354239248305,0.20061106916969598,observed,2,2,9709,6556,0.7404667480170836
Mahadebpur,2017,2,2017-02,4.4814759354258795,0.4057899121406486,0.19336982071121983,observed,2,2,12947,6556,0.9874161073825504
Mahadebpur,2017,3,2017-03,15.150202183336392,0.7171926583891222,0.5067877692907604,observed,2,2,11571,6556,0.8824740695546065
Mahadebpur,2017,4,2017-04,124.61077880646626,0.6691773112168533,0.48563712747295995,observed,2,2,13112,6556,1.0
Mahadebpur,2017,5,2017-05,208.65136805634324,0.4442494520051547,0.2683718455148452,observed,2,2,7413,6556,0.5653599755948749
Mahadebpur,2017,6,2017-06,169.11560909552213,0.4528769710154493,0.2663710400140553,interpolated,0,2,0,6556,0.0
Mahadebpur,2017,7,2017-07,388.73490150413846,0.461504490025744,0.26437023451326536,observed,2,2,6480,6556,0.4942037827943868
Mahadebpur,2017,8,2017-08,381.7009262038358,0.6879973466943841,0.4177291288290724,observed,2,2,6107,6556,0.4657565588773642
Mahadebpur,2017,9,2017-09,221.27342696473556,0.8126321545862796,0.5738486411246291,observed,2,2,12693,6556,0.9680445393532642
Mahadebpur,2017,10,2017-10,332.1624650712055,0.7706860075297305,0.5261279204629916,observed,1,1,6373,6556,0.9720866381940207
Mahadebpur,2017,11,2017-11,12.974618785594073,0.5846833826426782,0.37955534405349384,observed,2,2,13076,6556,0.9972544234289201
Mahadebpur,2017,12,2017-12,8.027541155900503,0.4144333041136123,0.2381029200316523,observed,2,2,13043,6556,0.9947376449054302
Mahadebpur,2018,1,2018-01,3.413084458186432,0.41694920502145033,0.23881971670708022,observed,2,2,4934,6556,0.37629652226967664
Mahadebpur,2018,2,2018-02,13.29066014980235,0.4672048746590111,0.2654988528881535,observed,2,2,11889,6556,0.9067266625991458
Mahadebpur,2018,3,2018-03,27.06283011671721,0.7203859878855867,0.5074961263315085,observed,2,2,13112,6556,1.0
Mahadebpur,2018,4,2018-04,146.38280285501025,0.6691037172954098,0.46694225638994447,observed,2,2,13112,6556,1.0
Mahadebpur,2018,5,2018-05,113.11887861395171,0.4105009079781228,0.2589446839068513,observed,2,2,2631,6556,0.20065588773642465
Mahadebpur,2018,6,2018-06,203.54300604623035,0.4404321598463582,0.25911453242724175,observed,1,2,300,6556,0.02287980475899939
Mahadebpur,2018,7,2018-07,288.7848938680067,0.22255624103299865,0.11911097560975611,observed,1,2,19,6556,0.0014490543014032947
Mahadebpur,2018,8,2018-08,196.9436641363517,0.6985626169103136,0.44517622985615285,observed,2,2,1853,6556,0.1413209273947529
Mahadebpur,2018,9,2018-09,206.0551461659604,0.7665401233970648,0.5229864522426567,observed,2,2,11651,6556,0.888575350823673
Mahadebpur,2018,10,2018-10,64.03014434057663,0.7481797627778375,0.4722784657435251,observed,1,1,6556,6556,1.0
Mahadebpur,2018,11,2018-11,5.7450305916540465,0.5475639494900938,0.32938478481535327,observed,2,2,13105,6556,0.9994661378889567
Mahadebpur,2018,12,2018-12,8.307732585592793,0.3867116631929887,0.22314667832525006,observed,2,2,13040,6556,0.9945088468578401
Mahadebpur,2019,1,2019-01,3.8883192142131335,0.3601245438573923,0.20066873492352125,observed,2,2,8900,6556,0.6787675411836486
Mahadebpur,2019,2,2019-02,20.99518985443752,0.42442701641711866,0.21602221634764399,observed,2,2,12737,6556,0.9714002440512508
Mahadebpur,2019,3,2019-03,23.746525465087345,0.7567335583703353,0.532020777437301,observed,2,2,13112,6556,1.0
Mahadebpur,2019,4,2019-04,77.81143936991653,0.6663245278644754,0.4562165965814587,observed,2,2,13112,6556,1.0
Mahadebpur,2019,5,2019-05,160.2759447528899,0.45359508820031086,0.27810261397521735,observed,2,2,12954,6556,0.9879499694935937
Mahadebpur,2019,6,2019-06,398.1442430336821,0.45902477884514825,0.24459909816741654,observed,1,2,3002,6556,0.22895057962172055
Mahadebpur,2019,7,2019-07,562.3151035956598,0.5094634952190101,0.3197169653262801,observed,2,2,1751,6556,0.13354179377669312
Mahadebpur,2019,8,2019-08,230.00323727650957,0.6802084204991116,0.43610708325521375,observed,2,2,4351,6556,0.3318334350213545
Mahadebpur,2019,9,2019-09,480.3720054583239,0.798223739936078,0.5485562795026088,observed,2,2,8847,6556,0.674725442342892
Mahadebpur,2019,10,2019-10,110.89093171015344,0.7759381304947439,0.5330552938288198,observed,1,1,6302,6556,0.9612568639414277
Mahadebpur,2019,11,2019-11,22.245267462196953,0.5797573275974975,0.3577303495022164,observed,2,2,13108,6556,0.9996949359365467
Mahadebpur,2019,12,2019-12,1.7412713857399296,0.3635255115293321,0.2020995531847575,observed,2,2,13110,6556,0.9998474679682733
Mahadebpur,2020,1,2020-01,32.222844399198394,0.41468522426400867,0.23494781067071988,observed,2,2,7567,6556,0.5771049420378279
Mahadebpur,2020,2,2020-02,21.157518600049055,0.397607315000876,0.19871838937560485,observed,2,2,12267,6556,0.935555216595485
Mahadebpur,2020,3,2020-03,28.157637716751683,0.7426532297626189,0.4832993734338207,observed,2,2,13112,6556,1.0
Mahadebpur,2020,4,2020-04,101.712931201816,0.6916861943229855,0.4872430008525077,observed,2,2,11449,6556,0.8731696156192801
Mahadebpur,2020,5,2020-05,240.94638096455478,0.5194995514670638,0.3305751399111293,observed,2,2,10290,6556,0.7847773032336791
Mahadebpur,2020,6,2020-06,391.68465826477626,0.5531957201674405,0.31767660466066605,interpolated,0,2,0,6556,0.0
Mahadebpur,2020,7,2020-07,516.2231984103369,0.5868918888678172,0.3047780694102028,observed,1,2,229,6556,0.01746491763270287
Mahadebpur,2020,8,2020-08,135.51282712325835,0.6551240222065255,0.3812043180379384,observed,2,2,2121,6556,0.1617602196461257
Mahadebpur,2020,9,2020-09,564.0640347029604,0.7548497843943685,0.45261491828491546,observed,2,2,12845,6556,0.9796369737644905
Mahadebpur,2020,10,2020-10,181.91349993800225,0.6564092520669904,0.41197532822677063,observed,2,2,13096,6556,0.9987797437461867
Mahadebpur,2020,11,2020-11,5.245089233274608,0.49133419655243527,0.31346466852816324,observed,1,1,6547,6556,0.99862721171446
Mahadebpur,2020,12,2020-12,1.3027823760382646,0.40332089960029227,0.24051026785563048,observed,2,2,12250,6556,0.9342586943258084
Mahadebpur,2021,1,2021-01,3.505040698529092,0.3854840394218543,0.21636541125879588,observed,2,2,4994,6556,0.3808724832214765
Mahadebpur,2021,2,2021-02,4.679293796434873,0.39283565766263695,0.1971134254349801,observed,2,2,12612,6556,0.9618669920683344
Mahadebpur,2021,3,2021-03,1.296054779244297,0.7465459132648968,0.5209353310302178,observed,2,2,13112,6556,1.0
Mahadebpur,2021,4,2021-04,46.76341762243648,0.6374281855921996,0.4670556904830031,observed,2,2,13112,6556,1.0
Mahadebpur,2021,5,2021-05,209.35842523378963,0.4449098761004583,0.2655601240244177,observed,2,2,6964,6556,0.5311165344722392
Mahadebpur,2021,6,2021-06,366.70885122004523,0.6836714285714286,0.304,observed,1,2,14,6556,0.0010677242220866383
Mahadebpur,2021,7,2021-07,258.1876007042256,0.43774539102155635,0.27731945109758505,observed,1,2,196,6556,0.014948139109212935
Mahadebpur,2021,8,2021-08,369.39062031051594,0.7637823721174833,0.5673064147474748,observed,2,2,4089,6556,0.3118517388651617
Mahadebpur,2021,9,2021-09,139.15720619979732,0.7892227100713252,0.5161997979601928,observed,2,2,12162,6556,0.9275472849298353
Mahadebpur,2021,10,2021-10,231.6734421424758,0.7683280019613884,0.5524388353856442,observed,1,1,6528,6556,0.9957291031116534
Mahadebpur,2021,11,2021-11,9.494236111310617,0.5659628388267638,0.3604404205617797,observed,2,2,13112,6556,1.0
Mahadebpur,2021,12,2021-12,2.633705425585644,0.41194298606827184,0.2645393124040785,observed,2,2,11656,6556,0.8889566809029896
Mahadebpur,2022,1,2022-01,16.59608563196558,0.45248271492107556,0.27137709825922435,observed,2,2,4753,6556,0.36249237339841367
Mahadebpur,2022,2,2022-02,65.58063358747674,0.3978027286178669,0.19226097755350421,observed,2,2,12824,6556,0.9780353874313605
Mahadebpur,2022,3,2022-03,1.1213245145150754,0.7269739706570696,0.4803590170194284,observed,2,2,13112,6556,1.0
Mahadebpur,2022,4,2022-04,57.957863662094304,0.6711795906758544,0.4987311453420015,observed,2,2,13112,6556,1.0
Mahadebpur,2022,5,2022-05,178.18990869025674,0.4514710024624603,0.2810864478691545,observed,2,2,11223,6556,0.8559334960341671
Mahadebpur,2022,6,2022-06,306.5287511471648,0.5699930348422318,0.3575515957709196,observed,1,2,260,6556,0.01982916412446614
Mahadebpur,2022,7,2022-07,198.8072634368713,0.5931187665740038,0.43064898241911265,observed,2,2,792,6556,0.06040268456375839
Mahadebpur,2022,8,2022-08,149.89947842768166,0.6946871446665162,0.4155492719781765,observed,2,2,8177,6556,0.62362721171446
Mahadebpur,2022,9,2022-09,301.02479238280495,0.8037164686978264,0.5957615030311525,observed,2,2,10595,6556,0.8080384380719952
Mahadebpur,2022,10,2022-10,159.36220589842407,0.7850644836356202,0.5485967964861551,observed,1,1,6315,6556,0.9632397803538744
Mahadebpur,2022,11,2022-11,5.2704373008189025,0.6267910628568597,0.3943998248659392,observed,2,2,13112,6556,1.0
Mahadebpur,2022,12,2022-12,1.375475219237716,0.4159613939068892,0.2498798781168351,observed,2,2,10456,6556,0.797437461866992
Mahadebpur,2023,1,2023-01,3.505047983838716,0.42589292121626865,0.2530130178105052,observed,2,2,4835,6556,0.36874618669920683
Mahadebpur,2023,2,2023-02,4.979447184480786,0.39990543616750324,0.20465376855647185,observed,2,2,13112,6556,1.0
Mahadebpur,2023,3,2023-03,112.92656367205974,0.7056269383976579,0.483662581037007,observed,2,2,13112,6556,1.0
Mahadebpur,2023,4,2023-04,31.125644230281168,0.6331327785894897,0.4456927548508495,observed,2,2,13112,6556,1.0
Mahadebpur,2023,5,2023-05,115.66925153093202,0.43749453831250984,0.2641989922448296,observed,2,2,13112,6556,1.0
Mahadebpur,2023,6,2023-06,249.7581318819321,0.4333339392878946,0.25751295939639524,observed,2,2,4731,6556,0.36081452104942036
Mahadebpur,2023,7,2023-07,158.10298804750107,0.7016904269277986,0.437932215560778,observed,1,2,974,6556,0.07428309945088468
Mahadebpur,2023,8,2023-08,297.5011955347683,0.7483166049658262,0.5515830162293253,observed,2,2,2022,6556,0.1542098840756559
Mahadebpur,2023,9,2023-09,274.65015506136524,0.7679628728984265,0.5325528069814326,observed,2,2,7912,6556,0.6034167175106773
Mahadebpur,2023,10,2023-10,158.84805909376226,0.7683973593763529,0.5191005493113695,observed,1,1,6556,6556,1.0
Mahadebpur,2023,11,2023-11,5.464881991100612,0.6448036314623926,0.4614688187325796,observed,2,2,13095,6556,0.9987034777303234
Mahadebpur,2023,12,2023-12,14.641308705190006,0.46135007196331235,0.2797888667891422,observed,2,2,12312,6556,0.938987187309335
Mahadebpur,2024,1,2024-01,3.5368422799933676,0.44878489666018423,0.27329498296937577,observed,2,2,6191,6556,0.47216290420988405
Mahadebpur,2024,2,2024-02,9.341893395351343,0.4180139958852883,0.21758944847803158,observed,2,2,12967,6556,0.988941427699817
Mahadebpur,2024,3,2024-03,66.08483850524229,0.6641200345151492,0.4470290918991089,observed,2,2,13112,6556,1.0
Mahadebpur,2024,4,2024-04,2.2783995619265336,0.6638915382297561,0.5060479490206719,observed,2,2,13112,6556,1.0
Mahadebpur,2024,5,2024-05,54.79197735418344,0.4837046029369121,0.33206051498943967,observed,2,2,11243,6556,0.8574588163514338
Mahadebpur,2024,6,2024-06,247.5914924283879,0.4944,0.29400000000000004,observed,1,2,1,6556,7.62660158633313e-05
Mahadebpur,2024,7,2024-07,258.10306569550596,0.5305323233362073,0.21438236202650943,observed,2,2,160,6556,0.012202562538133009
Mahadebpur,2024,8,2024-08,194.71937422721987,0.7939155281973617,0.5252688590897875,observed,2,2,4326,6556,0.3299267846247712
Mahadebpur,2024,9,2024-09,370.4824374844604,0.7860658136959524,0.5221315974235754,observed,2,2,11422,6556,0.8711104331909701
Mahadebpur,2024,10,2024-10,89.70064876676454,0.763408597866301,0.501653533286207,observed,2,2,13112,6556,1.0
Mahadebpur,2024,11,2024-11,5.60192953828754,0.531463733401802,0.3516395035359819,observed,1,1,6527,6556,0.9955765710799268
Mahadebpur,2024,12,2024-12,1.3017726919104593,0.3941640540672293,0.230632091479044,observed,2,2,12969,6556,0.9890939597315436
Mahadebpur,2025,1,2025-01,3.505042919247984,0.4127082054701561,0.2393175012514713,observed,2,2,4430,6556,0.33785845027455763
Mahadebpur,2025,2,2025-02,13.293368998495996,0.4570919842249199,0.23782826242922175,observed,2,2,12340,6556,0.9411226357535082
Mahadebpur,2025,3,2025-03,2.2338255847537787,0.7522863449442957,0.5293367048771603,observed,2,2,13112,6556,1.0
Mahadebpur,2025,4,2025-04,54.07840665123366,0.6704085518259001,0.5288934748719298,observed,2,2,13042,6556,0.9946613788895668
Mahadebpur,2025,5,2025-05,228.3402987079057,0.4942618836913009,0.291612935318929,observed,2,2,13079,6556,0.99748322147651
Mahadebpur,2025,6,2025-06,173.27285315598562,0.4991182139820339,0.2625184582123928,observed,2,2,8145,6556,0.6211866992068334
Mahadebpur,2025,7,2025-07,258.51338477784793,0.5614594355578859,0.31621152644120887,observed,2,2,56,6556,0.004270896888346553
Mahadebpur,2025,8,2025-08,283.77512112717466,0.7305563227713285,0.4652388497900732,observed,2,2,5036,6556,0.3840756558877364
Mahadebpur,2025,9,2025-09,237.15446662187745,0.8068759169981409,0.5141833126773061,observed,2,2,13112,6556,1.0
Mahadebpur,2025,10,2025-10,244.8615582697579,0.8027483683317154,0.5209451621624537,observed,1,1,6556,6556,1.0
Mahadebpur,2025,11,2025-11,12.322323656350472,0.6081109280656225,0.4081946423459483,observed,2,2,11871,6556,0.9053538743136058
Mahadebpur,2025,12,2025-12,2.1217989221732365,0.4229667775269999,0.23221493418180938,observed,1,2,6556,6556,0.5
Sapahar,2001,1,2001-01,3.668082242333321,0.3044105708697168,0.17891710696543134,observed,2,2,1725,4185,0.2060931899641577
Sapahar,2001,2,2001-02,4.209026261512022,0.3081680938928998,0.18120817010039755,observed,2,2,8200,4185,0.9796893667861409
Sapahar,2001,3,2001-03,9.865621693114642,0.3716271624830186,0.24576265545102186,observed,2,2,8348,4185,0.9973715651135006
Sapahar,2001,4,2001-04,4.8110638606076535,0.36033739353286287,0.23740846669366814,observed,2,2,8370,4185,1.0
Sapahar,2001,5,2001-05,165.7876014184053,0.3736192321489388,0.24470262016651262,observed,2,2,8367,4185,0.9996415770609319
Sapahar,2001,6,2001-06,345.4674599580534,0.41320357311582934,0.3164981064500889,observed,2,2,104,4185,0.012425328554360812
Sapahar,2001,7,2001-07,179.2434833332281,0.32067069010348975,0.19068313484840613,observed,1,2,91,4185,0.010872162485065711
Sapahar,2001,8,2001-08,236.33859080172525,0.4683641113919639,0.2571121676980737,observed,1,2,96,4185,0.011469534050179211
Sapahar,2001,9,2001-09,392.9769389983568,0.5810018188226463,0.34076035744576016,observed,2,2,6598,4185,0.7882915173237753
Sapahar,2001,10,2001-10,302.36289250775764,0.6490560412507195,0.3810878294910189,observed,1,1,3893,4185,0.9302270011947431
Sapahar,2001,11,2001-11,12.53276026632329,0.45783334852153995,0.26256205822678413,observed,2,2,8132,4185,0.9715651135005974
Sapahar,2001,12,2001-12,14.743915748595185,0.3320265681144283,0.18462018561733934,observed,2,2,7580,4185,0.9056152927120669
Sapahar,2002,1,2002-01,7.373725465319955,0.37969466641200234,0.21982780547573882,observed,2,2,5848,4185,0.6986857825567503
Sapahar,2002,2,2002-02,5.334816451722848,0.3817152804725428,0.2326824024221521,observed,2,2,8247,4185,0.9853046594982079
Sapahar,2002,3,2002-03,5.098702424000178,0.4295381726470084,0.2731900345455519,observed,2,2,8040,4185,0.9605734767025089
Sapahar,2002,4,2002-04,126.50213357907866,0.4596154933478305,0.31125295674873593,observed,2,2,8271,4185,0.9881720430107527
Sapahar,2002,5,2002-05,82.38788829313145,0.39047897235414764,0.26027535406718444,observed,2,2,5030,4185,0.6009557945041816
Sapahar,2002,6,2002-06,292.38302355822793,0.24194033804487472,0.15050763731013797,observed,1,2,131,4185,0.015651135005973715
Sapahar,2002,7,2002-07,450.094754481016,0.3138829525303991,0.1960223178388121,observed,2,2,537,4185,0.06415770609318996
Sapahar,2002,8,2002-08,282.3640224732446,0.6283527169724661,0.4335313811008641,observed,1,2,3173,4185,0.3790919952210275
Sapahar,2002,9,2002-09,283.0492619325538,0.6376099515422697,0.3821694721470344,observed,2,2,7668,4185,0.9161290322580645
Sapahar,2002,10,2002-10,63.82830704435626,0.5850094416884585,0.3115520627399297,observed,1,1,4099,4185,0.9794504181600956
Sapahar,2002,11,2002-11,24.95369962219185,0.443446928004023,0.2554854122126663,observed,2,2,8203,4185,0.9800477897252091
Sapahar,2002,12,2002-12,1.3823616497529603,0.3346945790783749,0.19312928887637704,observed,2,2,6641,4185,0.7934289127837515
Sapahar,2003,1,2003-01,8.308906829228736,0.34337738577344673,0.1982517226423816,observed,2,2,4502,4185,0.537873357228196
Sapahar,2003,2,2003-02,32.43339692021066,0.36839637391112806,0.21518159939962367,observed,2,2,8240,4185,0.984468339307049
Sapahar,2003,3,2003-03,74.66224106049408,0.4359793511199339,0.27173375667458394,observed,2,2,8308,4185,0.9925925925925926
Sapahar,2003,4,2003-04,68.99973273325436,0.5137751975150443,0.34613698097796936,observed,2,2,7534,4185,0.9001194743130227
Sapahar,2003,5,2003-05,103.05701946687867,0.3826628269754567,0.25305575377421663,observed,2,2,8156,4185,0.9744324970131422
Sapahar,2003,6,2003-06,322.23163338366703,0.31577057834072786,0.19004302976823728,observed,2,2,551,4185,0.06583034647550777
Sapahar,2003,7,2003-07,344.175840434951,0.38008374299085046,0.20412809595892614,observed,2,2,298,4185,0.035603345280764635
Sapahar,2003,8,2003-08,144.64611663997061,0.6105289152344378,0.41313149673927535,observed,2,2,605,4185,0.07228195937873358
Sapahar,2003,9,2003-09,201.9970803803344,0.6672687105259039,0.416550873016539,observed,2,2,4351,4185,0.5198327359617683
Sapahar,2003,10,2003-10,250.87786233104103,0.6686635439386438,0.42183725260395794,observed,1,1,3928,4185,0.9385902031063321
Sapahar,2003,11,2003-11,5.096920983672947,0.48293970733326735,0.2751730156552589,observed,2,2,8215,4185,0.9814814814814815
Sapahar,2003,12,2003-12,2.735120102109411,0.3189225563376129,0.18133188933369124,observed,2,2,6179,4185,0.738231780167264
Sapahar,2004,1,2004-01,13.763383190838127,0.3573072654613879,0.19693197378193883,observed,2,2,6519,4185,0.7788530465949821
Sapahar,2004,2,2004-02,3.28395893588107,0.37399744940863183,0.2234093191595309,observed,2,2,8269,4185,0.9879330943847073
Sapahar,2004,3,2004-03,25.022164891735624,0.4509836141072076,0.2744099863563468,observed,2,2,8369,4185,0.9998805256869773
Sapahar,2004,4,2004-04,69.65959197764336,0.4376044919003178,0.2938929002124311,observed,2,2,8368,4185,0.9997610513739545
Sapahar,2004,5,2004-05,145.73368759530877,0.3736618865857442,0.24344665084677222,observed,2,2,7208,4185,0.8611708482676225
Sapahar,2004,6,2004-06,437.89542694365736,0.3322044310475433,0.19127969497953995,observed,2,2,6845,4185,0.8178016726403823
Sapahar,2004,7,2004-07,495.1377537045058,0.5073508092246005,0.26870959085156193,observed,1,2,356,4185,0.04253285543608124
Sapahar,2004,8,2004-08,208.40342174226978,0.6175948968710803,0.43037482036453134,observed,2,2,2295,4185,0.27419354838709675
Sapahar,2004,9,2004-09,275.8933626325596,0.6519664514129877,0.40474206345705854,observed,2,2,7293,4185,0.871326164874552
Sapahar,2004,10,2004-10,267.5765387587638,0.6095917682168976,0.3407071825575072,observed,2,2,8069,4185,0.9640382317801672
Sapahar,2004,11,2004-11,5.029633796838015,0.3728041734604834,0.21656953495696551,observed,1,1,4049,4185,0.9675029868578255
Sapahar,2004,12,2004-12,0.7499722563185106,0.32968213814452335,0.1923409172828568,observed,2,2,7496,4185,0.8955794504181601
Sapahar,2005,1,2005-01,23.142670232260887,0.3405347603975138,0.20156228057163603,observed,2,2,3876,4185,0.46308243727598564
Sapahar,2005,2,2005-02,9.385593732404296,0.3530637683158094,0.20977357771193678,observed,2,2,8266,4185,0.9875746714456392
Sapahar,2005,3,2005-03,46.90369333009799,0.4785464140079545,0.31817919471759387,observed,2,2,8369,4185,0.9998805256869773
Sapahar,2005,4,2005-04,43.72971231541203,0.3895060503303129,0.2569933039337673,observed,2,2,8173,4185,0.9764635603345281
Sapahar,2005,5,2005-05,116.65841296299138,0.35013681944715164,0.23388295600645995,observed,2,2,8345,4185,0.9970131421744325
Sapahar,2005,6,2005-06,268.0700051923629,0.34838220473469483,0.25401722640121316,observed,2,2,4092,4185,0.4888888888888889
Sapahar,2005,7,2005-07,398.92672001769773,0.4472110911023379,0.2989171568766766,interpolated,0,2,0,4185,0.0
Sapahar,2005,8,2005-08,381.1092616326076,0.546039977469981,0.34381708735214,observed,2,2,7076,4185,0.845400238948626
Sapahar,2005,9,2005-09,232.58343657369673,0.6411154758492107,0.42824777681649295,observed,2,2,8083,4185,0.9657108721624851
Sapahar,2005,10,2005-10,380.1109520836834,0.6544022504776305,0.3631196987219405,observed,1,1,3956,4185,0.9452807646356034
Sapahar,2005,11,2005-11,5.096921896436786,0.511486803509905,0.2829245109644362,observed,2,2,8202,4185,0.9799283154121864
Sapahar,2005,12,2005-12,0.6675834220991247,0.3300931288718508,0.18819071880843263,observed,2,2,7898,4185,0.9436081242532856
Sapahar,2006,1,2006-01,3.7523309273755636,0.3085145877605103,0.1754105566312854,observed,2,2,4053,4185,0.48422939068100357
Sapahar,2006,2,2006-02,3.3571478290068684,0.33627746190430224,0.18185272445778328,observed,2,2,8246,4185,0.9851851851851852
Sapahar,2006,3,2006-03,12.037763110039709,0.45721812810702833,0.2887106232570195,observed,2,2,8366,4185,0.9995221027479092
Sapahar,2006,4,2006-04,56.79123448451505,0.4342444992727612,0.29305015866571205,observed,2,2,8370,4185,1.0
Sapahar,2006,5,2006-05,211.36095057462654,0.4053746607186033,0.256647695202345,observed,2,2,4197,4185,0.5014336917562724
Sapahar,2006,6,2006-06,255.72628529495566,0.4036100006697267,0.27649544938097126,observed,1,2,3557,4185,0.42497013142174433
Sapahar,2006,7,2006-07,177.7140551050005,0.48706510343791143,0.3177274225145125,observed,2,2,1688,4185,0.2016726403823178
Sapahar,2006,8,2006-08,135.85485533725208,0.5762400225677137,0.38421135495482645,observed,2,2,4363,4185,0.5212664277180407
Sapahar,2006,9,2006-09,343.8316981514223,0.6959102868777742,0.4734948112708385,observed,2,2,8192,4185,0.9787335722819593
Sapahar,2006,10,2006-10,42.317896323997516,0.6469177849500429,0.38016091553332965,observed,1,1,4153,4185,0.9923536439665472
Sapahar,2006,11,2006-11,36.066703829780984,0.4574152370338168,0.2695620579032057,observed,2,2,7981,4185,0.9535244922341697
Sapahar,2006,12,2006-12,1.261505684193351,0.33818120535486385,0.19871494928622652,observed,2,2,6816,4185,0.814336917562724
Sapahar,2007,1,2007-01,3.8295518067770726,0.316514399071003,0.17988678630100152,observed,2,2,4727,4185,0.5647550776583035
Sapahar,2007,2,2007-02,36.44160465273297,0.37186409018988514,0.21621110450708528,observed,2,2,8000,4185,0.955794504181601
Sapahar,2007,3,2007-03,14.216377051998617,0.4988336524750176,0.3247413284861019,observed,2,2,8340,4185,0.996415770609319
Sapahar,2007,4,2007-04,21.105588088947375,0.45679400945908966,0.3084649946329992,observed,2,2,8370,4185,1.0
Sapahar,2007,5,2007-05,99.55297282409707,0.4041722728780652,0.2693575461538345,observed,2,2,8361,4185,0.9989247311827957
Sapahar,2007,6,2007-06,424.30914688752404,0.3147842028810763,0.18374492738891793,observed,2,2,2528,4185,0.3020310633213859
Sapahar,2007,7,2007-07,511.0738578801523,0.21206083466619302,0.12153981991588189,observed,1,2,162,4185,0.01935483870967742
Sapahar,2007,8,2007-08,180.07396252750274,0.5730751115570166,0.2599503528245997,observed,2,2,1339,4185,0.15997610513739546
Sapahar,2007,9,2007-09,349.5523187234543,0.6802147806132733,0.4558668914103412,observed,2,2,7516,4185,0.8979689366786141
Sapahar,2007,10,2007-10,116.27208609822837,0.6733374188511752,0.42762213847588637,observed,1,1,4152,4185,0.9921146953405018
Sapahar,2007,11,2007-11,10.25789474364482,0.4845818115883387,0.28693866316717764,observed,2,2,8234,4185,0.9837514934289128
Sapahar,2007,12,2007-12,5.2559772153808,0.3240502859385898,0.18884990015133027,observed,2,2,5235,4185,0.6254480286738351
Sapahar,2008,1,2008-01,55.07635623494854,0.3042313404891133,0.1737069369661427,observed,2,2,3338,4185,0.398805256869773
Sapahar,2008,2,2008-02,3.513542261553169,0.32052816918629307,0.18214127269824978,observed,2,2,7869,4185,0.9401433691756272
Sapahar,2008,3,2008-03,2.9146810465628574,0.5082499537767721,0.3340590302188478,observed,2,2,8357,4185,0.9984468339307049
Sapahar,2008,4,2008-04,23.832640193475918,0.4612564664881655,0.30384780551504276,observed,2,2,8370,4185,1.0
Sapahar,2008,5,2008-05,165.0346893282403,0.3828189776707713,0.25674854235502576,observed,2,2,6840,4185,0.8172043010752689
Sapahar,2008,6,2008-06,336.0261150694835,0.27653301169140554,0.15135263305701654,observed,2,2,664,4185,0.07933094384707289
Sapahar,2008,7,2008-07,364.5520137867337,0.46308306503177177,0.2773821695836891,interpolated,0,2,0,4185,0.0
Sapahar,2008,8,2008-08,339.86054992247733,0.649633118372138,0.4034117061103616,observed,2,2,2381,4185,0.284468339307049
Sapahar,2008,9,2008-09,156.5268127156331,0.6766280853991031,0.45473283741509024,observed,2,2,6518,4185,0.7787335722819594
Sapahar,2008,10,2008-10,92.51206511735275,0.5771938155896744,0.3525762782676244,observed,2,2,8205,4185,0.9802867383512545
Sapahar,2008,11,2008-11,11.002987952151752,0.36990948142076147,0.224292091504412,observed,1,1,4062,4185,0.9706093189964158
Sapahar,2008,12,2008-12,0.738323408130496,0.32008098924507977,0.1841779021736459,observed,2,2,7563,4185,0.903584229390681
Sapahar,2009,1,2009-01,4.484611036319493,0.3289446857362063,0.18519907810860517,observed,2,2,3493,4185,0.4173237753882915
Sapahar,2009,2,2009-02,4.3233952932745305,0.312743904994979,0.17683012483319457,observed,2,2,8123,4185,0.970489844683393
Sapahar,2009,3,2009-03,9.57408168695907,0.42458930939265105,0.2738471910532689,observed,2,2,8370,4185,1.0
Sapahar,2009,4,2009-04,9.71556952493215,0.4617880634104205,0.3105393139815362,observed,2,2,8370,4185,1.0
Sapahar,2009,5,2009-05,170.49977105909446,0.3871728861354378,0.2455857403196204,observed,2,2,8349,4185,0.9974910394265233
Sapahar,2009,6,2009-06,161.29849429982355,0.3873024368016609,0.2877673459647156,observed,2,2,1155,4185,0.13799283154121864
Sapahar,2009,7,2009-07,247.84949335183015,0.3941509077454292,0.22962702446574723,observed,2,2,250,4185,0.02986857825567503
Sapahar,2009,8,2009-08,404.39662596567314,0.548383286777009,0.3218205938585554,observed,2,2,2341,4185,0.279689366786141
Sapahar,2009,9,2009-09,153.35306908384206,0.6797424621935142,0.44246137734956353,observed,2,2,7312,4185,0.8735961768219833
Sapahar,2009,10,2009-10,150.00356027585596,0.6711745811843488,0.40471089987312675,observed,1,1,4096,4185,0.9787335722819593
Sapahar,2009,11,2009-11,4.912057716328996,0.5234691826986665,0.32021518300240953,observed,2,2,8059,4185,0.9628434886499403
Sapahar,2009,12,2009-12,0.6716107257894328,0.317904542441821,0.17936796108925868,observed,2,2,6719,4185,0.8027479091995221
Sapahar,2010,1,2010-01,3.6842965427083847,0.3328111922337027,0.19918143478523062,observed,2,2,2181,4185,0.26057347670250897
Sapahar,2010,2,2010-02,8.419710953278496,0.3103921515156947,0.18449962957055002,observed,2,2,7994,4185,0.9550776583034648
Sapahar,2010,3,2010-03,6.018469902000196,0.4202202744972983,0.27536008837026005,observed,2,2,8345,4185,0.9970131421744325
Sapahar,2010,4,2010-04,34.795405312943736,0.44856554722893155,0.3057162498107738,observed,2,2,8031,4185,0.9594982078853047
Sapahar,2010,5,2010-05,115.25712744102442,0.3616486904892765,0.25370009153411005,observed,2,2,8325,4185,0.9946236559139785
Sapahar,2010,6,2010-06,362.73941517304263,0.3113997912457979,0.19846173033923786,observed,2,2,818,4185,0.0977299880525687
Sapahar,2010,7,2010-07,222.78865516362322,0.4742137701014261,0.3247579935322651,observed,1,2,1425,4185,0.17025089605734767
Sapahar,2010,8,2010-08,241.4418761745175,0.646032269863733,0.3765210403779874,observed,1,2,722,4185,0.08626045400238949
Sapahar,2010,9,2010-09,189.15715837082698,0.6836241630292653,0.4346343501613287,observed,2,2,5547,4185,0.6627240143369175
Sapahar,2010,10,2010-10,80.7289220625451,0.6992274217509705,0.39084050198471204,observed,1,1,4100,4185,0.9796893667861409
Sapahar,2010,11,2010-11,6.342152914466232,0.5045747272318942,0.29893262028794515,observed,2,2,7657,4185,0.9148148148148149
Sapahar,2010,12,2010-12,4.093560091084408,0.34024697485971084,0.18787342190507514,observed,2,2,5157,4185,0.6161290322580645
Sapahar,2011,1,2011-01,4.284382276899136,0.38445043857475003,0.22406532535730989,observed,2,2,4880,4185,0.5830346475507766
Sapahar,2011,2,2011-02,8.904966854003774,0.4227152928735314,0.25481228896064356,observed,2,2,7958,4185,0.9507765830346475
Sapahar,2011,3,2011-03,2.115701422864434,0.5084907469418151,0.33059146189502236,observed,2,2,8362,4185,0.9990442054958184
Sapahar,2011,4,2011-04,69.90346922110129,0.4987097136006262,0.330725850681573,observed,2,2,8368,4185,0.9997610513739545
Sapahar,2011,5,2011-05,157.94379251456982,0.43163447718986847,0.2827221438517484,observed,2,2,7468,4185,0.8922341696535245
Sapahar,2011,6,2011-06,341.72379983092117,0.3733319044602783,0.2345342503304577,observed,2,2,938,4185,0.11206690561529271
Sapahar,2011,7,2011-07,180.09671103884756,0.026659999999999996,0.023020000000000002,observed,1,2,5,4185,0.0005973715651135006
Sapahar,2011,8,2011-08,413.1458353966314,0.6740965242933299,0.42950049206698077,observed,2,2,4343,4185,0.5188769414575867
Sapahar,2011,9,2011-09,355.61264317853227,0.6758403089370727,0.4009155351355156,observed,2,2,6643,4185,0.793667861409797
Sapahar,2011,10,2011-10,17.07448185046656,0.5968825119992984,0.3620630569531968,observed,1,1,4179,4185,0.9985663082437276
Sapahar,2011,11,2011-11,6.272865160201596,0.4272008129541313,0.24955179130748056,observed,2,2,8306,4185,0.9923536439665472
Sapahar,2011,12,2011-12,0.6570900612037553,0.32807980239589696,0.18780851060294462,observed,2,2,7872,4185,0.9405017921146953
Sapahar,2012,1,2012-01,7.609596733492087,0.4047685549842653,0.24135334017548166,observed,2,2,2959,4185,0.35352449223416965
Sapahar,2012,2,2012-02,4.147071328786614,0.37720920737509533,0.21981683637794136,observed,2,2,8145,4185,0.9731182795698925
Sapahar,2012,3,2012-03,15.018114775479425,0.4549992746069023,0.28495532899317866,observed,2,2,8370,4185,1.0
Sapahar,2012,4,2012-04,87.70305687865878,0.47427777968082935,0.32146987123985193,observed,2,2,8362,4185,0.9990442054958184
Sapahar,2012,5,2012-05,83.38850973591981,0.3621052479546532,0.24006141436414666,observed,2,2,8357,4185,0.9984468339307049
Sapahar,2012,6,2012-06,308.90532006566787,0.40210035289161383,0.2608743944506423,observed,2,2,1480,4185,0.1768219832735962
Sapahar,2012,7,2012-07,331.54693373251206,0.4021809523809524,0.2648761904761905,observed,1,2,21,4185,0.0025089605734767025
Sapahar,2012,8,2012-08,171.24678195378937,0.6988418376705574,0.4746003550586082,observed,2,2,4354,4185,0.5201911589008363
Sapahar,2012,9,2012-09,276.08836618274495,0.74611125891713,0.5432990234479139,observed,2,2,7558,4185,0.9029868578255675
Sapahar,2012,10,2012-10,68.95521232041678,0.6848705466608558,0.4220097285980387,observed,2,2,8224,4185,0.9825567502986858
Sapahar,2012,11,2012-11,31.018795156702605,0.4311168221176717,0.265254262162,observed,1,1,4104,4185,0.9806451612903225
Sapahar,2012,12,2012-12,0.6895855249723342,0.3432391335086276,0.20541983521253931,observed,2,2,6096,4185,0.72831541218638
Sapahar,2013,1,2013-01,6.149739465483963,0.44914924099690484,0.27115450292059695,observed,2,2,5093,4185,0.6084826762246117
Sapahar,2013,2,2013-02,11.80936910970474,0.45665175362296473,0.2786251264805466,observed,2,2,8265,4185,0.9874551971326165
Sapahar,2013,3,2013-03,1.7003302162168696,0.45450914646653584,0.27348967133052343,observed,2,2,8308,4185,0.9925925925925926
Sapahar,2013,4,2013-04,57.18573763816746,0.4724490335906438,0.30206637229629807,observed,2,2,8370,4185,1.0
Sapahar,2013,5,2013-05,74.95189608646895,0.4758951676779132,0.33470429427434006,observed,2,2,4558,4185,0.5445639187574671
Sapahar,2013,6,2013-06,256.9407066156021,0.45607708435304806,0.29978405612947734,observed,1,2,1288,4185,0.15388291517323777
Sapahar,2013,7,2013-07,139.70035304715003,0.4782572058608484,0.27071451710228234,observed,2,2,126,4185,0.015053763440860216
Sapahar,2013,8,2013-08,296.63930580046696,0.593204586757748,0.3380017463932406,observed,2,2,1415,4185,0.16905615292712067
Sapahar,2013,9,2013-09,144.72938744132566,0.7374685100737692,0.48697612383961636,observed,2,2,6889,4185,0.8230585424133812
Sapahar,2013,10,2013-10,227.21346491735758,0.7082311491642634,0.47053269778432527,observed,1,1,4080,4185,0.974910394265233
Sapahar,2013,11,2013-11,5.102618533908931,0.4873366981518409,0.2912367373184357,observed,2,2,8212,4185,0.9811230585424133
Sapahar,2013,12,2013-12,0.6543413327975095,0.3544587342008494,0.20665717923496596,observed,2,2,6485,4185,0.7747909199522103
Sapahar,2014,1,2014-01,4.0826587644698265,0.47946400232850794,0.3121687265416046,observed,2,2,6226,4185,0.7438470728793309
Sapahar,2014,2,2014-02,11.023852289035661,0.4930998320023695,0.297743034474031,observed,2,2,8190,4185,0.978494623655914
Sapahar,2014,3,2014-03,14.803919205528597,0.5016400472549858,0.3049986299506972,observed,2,2,8302,4185,0.9918757467144564
Sapahar,2014,4,2014-04,8.68424301743014,0.4601028699988624,0.30058904503293027,observed,2,2,8370,4185,1.0
Sapahar,2014,5,2014-05,100.7210500648185,0.39424079815679053,0.2636824926492477,observed,2,2,7511,4185,0.8973715651135006
Sapahar,2014,6,2014-06,407.64110827242655,0.47410507030786453,0.29404414945179697,observed,2,2,3413,4185,0.4077658303464755
Sapahar,2014,7,2014-07,211.8691940688573,0.5719414074324674,0.34327633903023647,observed,2,2,136,4185,0.016248506571087215
Sapahar,2014,8,2014-08,280.3931541098298,0.7331290988107463,0.5056198847954577,observed,1,2,2363,4185,0.28231780167264037
Sapahar,2014,9,2014-09,368.30885672740493,0.7280551592909519,0.5022956360299483,observed,2,2,6720,4185,0.8028673835125448
Sapahar,2014,10,2014-10,46.077913422104054,0.6840672565634983,0.45952396930196315,observed,1,1,4164,4185,0.9949820788530466
Sapahar,2014,11,2014-11,4.916834948074257,0.42504073416695054,0.25132142390330797,observed,2,2,8300,4185,0.991636798088411
Sapahar,2014,12,2014-12,0.6446647522126656,0.3447217634650225,0.20342966995613132,observed,2,2,7629,4185,0.9114695340501792
Sapahar,2015,1,2015-01,10.625463803771957,0.5065517469574244,0.31239139915850983,observed,2,2,7826,4185,0.9350059737156511
Sapahar,2015,2,2015-02,19.932224317609297,0.5269919114876126,0.3153275920906583,observed,2,2,8231,4185,0.9833930704898447
Sapahar,2015,3,2015-03,34.932074538343436,0.5288652677471803,0.3162811862899622,observed,2,2,8347,4185,0.9972520908004779
Sapahar,2015,4,2015-04,87.84468163449577,0.5463689506016423,0.36334361940380483,observed,2,2,8370,4185,1.0
Sapahar,2015,5,2015-05,146.06119840545324,0.4782869992488315,0.3280906804900201,observed,2,2,8359,4185,0.9986857825567503
Sapahar,2015,6,2015-06,256.2261293456627,0.44342655411454746,0.2962543517594795,observed,2,2,249,4185,0.02974910394265233
Sapahar,2015,7,2015-07,310.04062561244035,0.3693226221609305,0.20680752402552552,observed,2,2,2844,4185,0.33978494623655914
Sapahar,2015,8,2015-08,417.4002039944034,0.6641793644292693,0.4236948128609749,observed,1,2,4101,4185,0.4899641577060932
Sapahar,2015,9,2015-09,249.10233176696232,0.7103406117477163,0.47863969887253116,observed,2,2,8318,4185,0.9937873357228196
Sapahar,2015,10,2015-10,16.92749589018162,0.6507802359887889,0.4197605822667056,observed,1,1,4183,4185,0.9995221027479092
Sapahar,2015,11,2015-11,7.869865369728868,0.4593166444132575,0.27706650612465117,observed,2,2,8255,4185,0.9862604540023895
Sapahar,2015,12,2015-12,0.843375361268701,0.3546212093759273,0.21422206786502818,observed,2,2,3913,4185,0.46750298685782554
Sapahar,2016,1,2016-01,12.583239667090844,0.429980721868416,0.26300553321189557,observed,2,2,3924,4185,0.46881720430107526
Sapahar,2016,2,2016-02,5.485010896461615,0.47704422696602333,0.28579231809879474,observed,2,2,8191,4185,0.9786140979689367
Sapahar,2016,3,2016-03,47.69064529071591,0.4950010721652068,0.3048302907298301,observed,2,2,8349,4185,0.9974910394265233
Sapahar,2016,4,2016-04,5.802242301542418,0.46280167871705186,0.30075245406723927,observed,2,2,8367,4185,0.9996415770609319
Sapahar,2016,5,2016-05,156.40428783392773,0.4250668349092434,0.26544488216557327,observed,2,2,5273,4185,0.6299880525686977
Sapahar,2016,6,2016-06,171.72514317022834,0.3703176863494185,0.18973561237029138,interpolated,0,2,0,4185,0.0
Sapahar,2016,7,2016-07,416.675272780646,0.31556853778959354,0.11402634257500947,observed,1,2,69,4185,0.008243727598566309
Sapahar,2016,8,2016-08,138.65285558444808,0.6575577098471258,0.399581038429663,observed,2,2,2567,4185,0.3066905615292712
Sapahar,2016,9,2016-09,408.9728294129432,0.732992474152651,0.4623682013274774,observed,2,2,5152,4185,0.6155316606929511
Sapahar,2016,10,2016-10,122.00169691298981,0.6980976389830423,0.43949649714224953,observed,2,2,8324,4185,0.9945041816009558
Sapahar,2016,11,2016-11,7.8779088336233665,0.4127418997898859,0.24071206618955207,observed,1,1,4151,4185,0.9918757467144564
Sapahar,2016,12,2016-12,1.001564535240457,0.377959948028259,0.22437602991588837,observed,2,2,7303,4185,0.872520908004779
Sapahar,2017,1,2017-01,5.375538292616819,0.46831059777072725,0.28538848525577803,observed,2,2,6918,4185,0.8265232974910395
Sapahar,2017,2,2017-02,3.3846310724067887,0.4610528150232815,0.2626029152823443,observed,2,2,8254,4185,0.9861409796893668
Sapahar,2017,3,2017-03,14.996472836383477,0.5256245518900371,0.34014783261156756,observed,2,2,8180,4185,0.977299880525687
Sapahar,2017,4,2017-04,101.20173604628553,0.6009199666407946,0.41744405016051067,observed,2,2,8370,4185,1.0
Sapahar,2017,5,2017-05,201.1920187618831,0.4945304529338056,0.33185425170048566,observed,2,2,5084,4185,0.6074074074074074
Sapahar,2017,6,2017-06,186.3755540492504,0.5156474700651742,0.36631324205527144,observed,1,2,966,4185,0.11541218637992831
Sapahar,2017,7,2017-07,362.49505052489485,0.4219550718959942,0.24378324618339126,observed,2,2,3751,4185,0.44814814814814813
Sapahar,2017,8,2017-08,411.68306754232515,0.6759068770318756,0.43210499093980914,observed,2,2,2490,4185,0.2974910394265233
Sapahar,2017,9,2017-09,191.06160427145724,0.724045515925441,0.49157291440629075,observed,2,2,8041,4185,0.9606929510155316
Sapahar,2017,10,2017-10,323.6319780394675,0.7042657755242896,0.4640887587155112,observed,1,1,3834,4185,0.9161290322580645
Sapahar,2017,11,2017-11,11.994669677010616,0.488813369128046,0.30170339810394714,observed,2,2,8256,4185,0.9863799283154122
Sapahar,2017,12,2017-12,5.386962955083558,0.41382595765640096,0.24792176305826655,observed,2,2,8019,4185,0.9580645161290322
Sapahar,2018,1,2018-01,3.922259170970005,0.4495610308020663,0.27088955346543203,observed,2,2,2749,4185,0.3284348864994026
Sapahar,2018,2,2018-02,15.290191003648125,0.4414195496887563,0.26072916395353213,observed,2,2,8007,4185,0.9566308243727598
Sapahar,2018,3,2018-03,26.58802633847927,0.5762921488155688,0.3759532855424158,observed,2,2,8370,4185,1.0
Sapahar,2018,4,2018-04,128.09314313151705,0.573089986452811,0.38791175842110365,observed,2,2,8370,4185,1.0
Sapahar,2018,5,2018-05,102.44890041251062,0.5047953716519008,0.339432064852555,observed,2,2,7736,4185,0.9242532855436081
Sapahar,2018,6,2018-06,201.50845289540672,0.5218013558673181,0.32097902507290454,observed,2,2,1183,4185,0.14133811230585425
Sapahar,2018,7,2018-07,264.7057159866209,0.4672375,0.35015625,observed,1,2,16,4185,0.0019115890083632018
Sapahar,2018,8,2018-08,209.8325100841813,0.6737627922689366,0.43452140885836466,observed,2,2,1179,4185,0.14086021505376345
Sapahar,2018,9,2018-09,209.96468398065923,0.7125821977680437,0.49917099911271373,observed,2,2,7903,4185,0.9442054958183991
Sapahar,2018,10,2018-10,63.308130181697145,0.6677377649933333,0.4167989210629281,observed,1,1,4183,4185,0.9995221027479092
Sapahar,2018,11,2018-11,5.576802326070148,0.5030064522256523,0.2986777224610841,observed,2,2,8284,4185,0.9897252090800478
Sapahar,2018,12,2018-12,5.345739225173097,0.4001056126118855,0.23821261603806507,observed,2,2,7914,4185,0.9455197132616487
Sapahar,2019,1,2019-01,4.770728249256657,0.4333955299232713,0.2667956681361071,observed,2,2,7292,4185,0.8712066905615292
Sapahar,2019,2,2019-02,11.291569678051,0.4257347102489858,0.24684913528091665,observed,2,2,8271,4185,0.9881720430107527
Sapahar,2019,3,2019-03,10.267443848115054,0.5782851313618416,0.383525865553628,observed,2,2,8370,4185,1.0
Sapahar,2019,4,2019-04,69.24970077644178,0.6079295318738018,0.3964121619437716,observed,2,2,8370,4185,1.0
Sapahar,2019,5,2019-05,136.70557445640836,0.5234569406694363,0.3325012241784696,observed,2,2,8354,4185,0.9980884109916368
Sapahar,2019,6,2019-06,347.5406533486111,0.601277629471463,0.4267057743464279,observed,2,2,1494,4185,0.17849462365591398
Sapahar,2019,7,2019-07,560.6735721323338,0.3084832908600106,0.18347582714306168,observed,2,2,2079,4185,0.24838709677419354
Sapahar,2019,8,2019-08,252.74215634429368,0.7192888967092691,0.4609838870745258,observed,2,2,1898,4185,0.22676224611708481
Sapahar,2019,9,2019-09,626.6280532576666,0.7288027370571786,0.48601006838328875,observed,2,2,5705,4185,0.6816009557945042
Sapahar,2019,10,2019-10,80.2211038850154,0.7167461906409576,0.47443480359380585,observed,1,1,3577,4185,0.8547192353643966
Sapahar,2019,11,2019-11,15.52805840056072,0.524991887562967,0.31177533490636744,observed,2,2,8323,4185,0.994384707287933
Sapahar,2019,12,2019-12,1.1603640599295,0.42287659492360063,0.24617015019967034,observed,2,2,8130,4185,0.9713261648745519
Sapahar,2020,1,2020-01,52.30018765330849,0.49199725411477896,0.2880162368677725,observed,2,2,6975,4185,0.8333333333333334
Sapahar,2020,2,2020-02,17.729318954254527,0.46561473586919705,0.2819480717856264,observed,2,2,8144,4185,0.9729988052568698
Sapahar,2020,3,2020-03,59.3818990359527,0.5904094223123472,0.3639671192643184,observed,2,2,8368,4185,0.9997610513739545
Sapahar,2020,4,2020-04,80.67279049524072,0.6282012200862728,0.40747505843453574,observed,2,2,8351,4185,0.9977299880525687
Sapahar,2020,5,2020-05,182.42359273651985,0.5826203090820307,0.3872067560836768,observed,2,2,6932,4185,0.8281959378733572
Sapahar,2020,6,2020-06,393.30423346199296,0.6222278238760429,0.39643236518335295,interpolated,0,2,0,4185,0.0
Sapahar,2020,7,2020-07,509.7357569006229,0.6618353386700551,0.4056579742830292,interpolated,0,2,0,4185,0.0
Sapahar,2020,8,2020-08,175.57380758918805,0.7014428534640673,0.41488358338270537,observed,2,2,824,4185,0.0984468339307049
Sapahar,2020,9,2020-09,641.5979911103925,0.6694192657622087,0.39875309236756085,observed,2,2,7739,4185,0.9246117084826763
Sapahar,2020,10,2020-10,140.44533621194762,0.5182026894337001,0.30361430307282206,observed,2,2,8320,4185,0.994026284348865
Sapahar,2020,11,2020-11,5.2912816587200995,0.41443651154502087,0.23979494201815896,observed,1,1,4149,4185,0.9913978494623656
Sapahar,2020,12,2020-12,0.6549628221888021,0.43739857176599967,0.268089548806273,observed,2,2,7485,4185,0.8942652329749103
Sapahar,2021,1,2021-01,3.9015600537309423,0.46386299762654076,0.27068659678701984,observed,2,2,4764,4185,0.5691756272401434
Sapahar,2021,2,2021-02,3.6578620592469964,0.4270547574343186,0.2449737155329246,observed,2,2,8243,4185,0.9848267622461171
Sapahar,2021,3,2021-03,0.47376899605055117,0.5506269242202679,0.361327018797411,observed,2,2,8350,4185,0.997610513739546
Sapahar,2021,4,2021-04,38.87214127254523,0.5306669227443259,0.3712425455510964,observed,2,2,8366,4185,0.9995221027479092
Sapahar,2021,5,2021-05,213.85170742724907,0.5494905345254264,0.34166544922591474,observed,2,2,5826,4185,0.6960573476702508
Sapahar,2021,6,2021-06,333.42834904373916,0.30519699718787313,0.12921336915905854,observed,2,2,34,4185,0.004062126642771804
Sapahar,2021,7,2021-07,252.1617171325632,0.43775586943620176,0.2690800949554896,observed,1,2,37,4185,0.0044205495818399046
Sapahar,2021,8,2021-08,494.5026189677377,0.685106327471172,0.4863644564131648,observed,2,2,2408,4185,0.28769414575866187
Sapahar,2021,9,2021-09,136.40747389272255,0.6976933043510708,0.4573282060118476,observed,2,2,7555,4185,0.9026284348864994
Sapahar,2021,10,2021-10,228.31893276354995,0.6739426634609228,0.4214158737318375,observed,1,1,4175,4185,0.997610513739546
Sapahar,2021,11,2021-11,6.844172464126445,0.5138837882987608,0.3096252063129965,observed,2,2,8311,4185,0.9929510155316607
Sapahar,2021,12,2021-12,3.295038129288295,0.4943883557341987,0.30736812000846275,observed,2,2,8082,4185,0.9655913978494624
Sapahar,2022,1,2022-01,28.074442905893868,0.5470469490688151,0.3439008830187114,observed,2,2,5757,4185,0.6878136200716846
Sapahar,2022,2,2022-02,70.3438079633367,0.46011752984286725,0.2698693970402991,observed,2,2,8188,4185,0.9782556750298685
Sapahar,2022,3,2022-03,0.3153009806361293,0.5694645050942085,0.36001007630516857,observed,2,2,8364,4185,0.9992831541218637
Sapahar,2022,4,2022-04,40.72157192703576,0.5857127748094092,0.4095865903781044,observed,2,2,8370,4185,1.0
Sapahar,2022,5,2022-05,202.9842459195606,0.5245583660323518,0.34352007656307054,observed,2,2,4680,4185,0.5591397849462365
Sapahar,2022,6,2022-06,317.96439053254664,0.5911235636007142,0.4393042062019306,observed,1,2,362,4185,0.043249701314217445
Sapahar,2022,7,2022-07,243.46634862067665,0.5161760082744846,0.37476549825237176,observed,1,2,570,4185,0.06810035842293907
Sapahar,2022,8,2022-08,182.06424811327258,0.6986053864070889,0.42965679108782706,observed,2,2,4682,4185,0.559378733572282
Sapahar,2022,9,2022-09,333.1899092581584,0.7650046145164718,0.5463962880233507,observed,2,2,3987,4185,0.47634408602150535
Sapahar,2022,10,2022-10,174.87014314344347,0.7038468905282931,0.4471752435280588,observed,1,1,4136,4185,0.9882915173237754
Sapahar,2022,11,2022-11,4.916835351957675,0.596568115806011,0.37238925250534627,observed,2,2,8293,4185,0.9908004778972521
Sapahar,2022,12,2022-12,0.689843511166255,0.48834818797557045,0.301515458027875,observed,2,2,7406,4185,0.8848267622461171
Sapahar,2023,1,2023-01,3.895911861592285,0.5234307103706416,0.32263835056212953,observed,2,2,5278,4185,0.6305854241338112
Sapahar,2023,2,2023-02,3.3528907800668475,0.4465271393545368,0.24926970935650083,observed,2,2,8339,4185,0.9962962962962963
Sapahar,2023,3,2023-03,104.37734866596564,0.5608010278605193,0.3658463859033415,observed,2,2,8370,4185,1.0
Sapahar,2023,4,2023-04,19.709489396557583,0.5849195208205719,0.42128592449088353,observed,2,2,8370,4185,1.0
Sapahar,2023,5,2023-05,91.30444093536805,0.4876861030085136,0.3202828076897746,observed,2,2,8370,4185,1.0
Sapahar,2023,6,2023-06,211.69432967055843,0.4947369296050349,0.3224972707746272,observed,1,2,669,4185,0.07992831541218638
Sapahar,2023,7,2023-07,186.26094650580163,0.7006498398246496,0.4096824003821727,observed,1,2,294,4185,0.03512544802867384
Sapahar,2023,8,2023-08,348.5164114465833,0.6785700748720334,0.4695415508132823,observed,2,2,2963,4185,0.35400238948626045
Sapahar,2023,9,2023-09,325.3160379198337,0.719167554709722,0.4755191118385613,observed,2,2,4469,4185,0.5339307048984469
Sapahar,2023,10,2023-10,164.2915190554607,0.7098735576433881,0.44750681359746575,observed,1,1,4185,4185,1.0
Sapahar,2023,11,2023-11,5.1308144204744055,0.6038125735443709,0.4091707836021729,observed,2,2,8215,4185,0.9814814814814815
Sapahar,2023,12,2023-12,14.763947990523981,0.5525963590031705,0.33302479887568426,observed,2,2,7426,4185,0.8872162485065711
Sapahar,2024,1,2024-01,3.895918542756641,0.5758641097169709,0.36264616494261803,observed,2,2,5755,4185,0.6875746714456392
Sapahar,2024,2,2024-02,6.798993399697797,0.48263641045543587,0.25825315246422786,observed,2,2,8100,4185,0.967741935483871
Sapahar,2024,3,2024-03,55.28271564898955,0.5697358255362213,0.3368769654266397,observed,2,2,8369,4185,0.9998805256869773
Sapahar,2024,4,2024-04,1.2364119454044546,0.6082521381214695,0.4092069081185371,observed,2,2,8370,4185,1.0
Sapahar,2024,5,2024-05,50.3006816053064,0.5660497180066961,0.3865745871597099,observed,2,2,8204,4185,0.9801672640382317
Sapahar,2024,6,2024-06,210.84745392979153,0.6198223193462912,0.41482216002190603,observed,2,2,338,4185,0.04038231780167264
Sapahar,2024,7,2024-07,277.3643951350739,0.5157956521739131,0.30770434782608697,observed,1,2,46,4185,0.005495818399044205
Sapahar,2024,8,2024-08,209.81803435846976,0.7353438878973361,0.4507442511450153,observed,2,2,3193,4185,0.3814814814814815
Sapahar,2024,9,2024-09,382.99711299841454,0.7452161711461671,0.47387770682600433,observed,2,2,7795,4185,0.9313022700119474
Sapahar,2024,10,2024-10,101.45148644969535,0.7207540041559103,0.4346583190754557,observed,2,2,8163,4185,0.975268817204301
Sapahar,2024,11,2024-11,5.172351707940538,0.5574747910590435,0.3371229788562879,observed,1,1,4133,4185,0.9875746714456392
Sapahar,2024,12,2024-12,0.6629091606716185,0.5259105620841812,0.3202731918885405,observed,2,2,8212,4185,0.9811230585424133
Sapahar,2025,1,2025-01,3.8959163962470464,0.5109018735680225,0.29862770122339827,observed,2,2,4013,4185,0.4794504181600956
Sapahar,2025,2,2025-02,13.780619190581127,0.5080479747560035,0.27776593941589955,observed,2,2,8247,4185,0.9853046594982079
Sapahar,2025,3,2025-03,0.8109732016747988,0.5845818385869409,0.351616793825354,observed,2,2,8370,4185,1.0
Sapahar,2025,4,2025-04,33.271086038140446,0.6173294206715504,0.4288716721363583,observed,2,2,8193,4185,0.9788530465949821
Sapahar,2025,5,2025-05,169.86676485123547,0.6037991551957401,0.3627456772019417,observed,2,2,8364,4185,0.9992831541218637
Sapahar,2025,6,2025-06,191.63815698139973,0.6065665626689459,0.3573469727727997,observed,2,2,4618,4185,0.5517323775388292
Sapahar,2025,7,2025-07,251.84415567199457,0.5036546421546372,0.3357523037493765,observed,2,2,461,4185,0.055077658303464755
Sapahar,2025,8,2025-08,370.57378713618056,0.7050516653458571,0.41451945669602286,observed,2,2,3580,4185,0.42771804062126645
Sapahar,2025,9,2025-09,238.15365740383973,0.7554335525637791,0.463148939067361,observed,2,2,8323,4185,0.994384707287933
Sapahar,2025,10,2025-10,240.52452120350762,0.7290067870617393,0.4547147932706978,observed,1,1,4185,4185,1.0
Sapahar,2025,11,2025-11,11.77739655681889,0.6158874624654836,0.3683069897485963,observed,2,2,8249,4185,0.9855436081242532
Sapahar,2025,12,2025-12,1.7132944473938232,0.5207411081982993,0.28723799162968255,observed,2,2,4286,4185,0.5120669056152927
